{"cameraMode":{"drawMode":0,"name":"Shaded","section":"Shading Mode"},"sceneLighting":true,"audioPlay":false,"sceneViewState":{"showFog":true,"showMaterialUpdate":false,"showSkybox":true,"showFlares":true,"showImageEffects":true,"showParticleSystems":true},"in2DMode":false,"pivot":{"x":569.4729614257813,"y":225.90155029296876,"z":-0.22047996520996095},"rotation":{"x":-0.008097472600638867,"y":0.019733749330043794,"z":0.00029877369524911046,"w":0.9997801184654236},"size":81.41278076171875,"orthographic":false}