{"cameraMode":{"drawMode":0,"name":"Shaded","section":"Shading Mode"},"sceneLighting":true,"audioPlay":false,"sceneViewState":{"showFog":true,"showMaterialUpdate":false,"showSkybox":true,"showFlares":true,"showImageEffects":true,"showParticleSystems":true},"in2DMode":false,"pivot":{"x":815.2386474609375,"y":252.51910400390626,"z":-85.62642669677735},"rotation":{"x":0.0847916528582573,"y":0.006219586357474327,"z":-0.0005170682561583817,"w":0.9963653087615967},"size":166.3989715576172,"orthographic":false}