{"cameraMode":{"drawMode":0,"name":"Shaded","section":"Shading Mode"},"sceneLighting":true,"audioPlay":false,"sceneViewState":{"showFog":true,"showMaterialUpdate":false,"showSkybox":true,"showFlares":true,"showImageEffects":true,"showParticleSystems":true},"in2DMode":false,"pivot":{"x":-31.229307174682618,"y":17.899272918701173,"z":-6.413601875305176},"rotation":{"x":0.5603486895561218,"y":-0.013664785772562027,"z":0.009246575646102429,"w":0.8280930519104004},"size":10.679741859436036,"orthographic":false}