{"cameraMode":{"drawMode":0,"name":"Shaded","section":"Shading Mode"},"sceneLighting":true,"audioPlay":false,"sceneViewState":{"showFog":true,"showMaterialUpdate":false,"showSkybox":true,"showFlares":true,"showImageEffects":true,"showParticleSystems":true},"in2DMode":false,"pivot":{"x":-32.38222122192383,"y":12.667738914489746,"z":-23.601022720336915},"rotation":{"x":0.37541359663009646,"y":-0.013335088267922402,"z":0.0038229194469749929,"w":0.9266422986984253},"size":10.0,"orthographic":false}