{"cameraMode":{"drawMode":0,"name":"Shaded","section":"Shading Mode"},"sceneLighting":true,"audioPlay":false,"sceneViewState":{"showFog":true,"showMaterialUpdate":false,"showSkybox":true,"showFlares":true,"showImageEffects":true,"showParticleSystems":true},"in2DMode":false,"pivot":{"x":-11.07025146484375,"y":32.32106399536133,"z":-30.083784103393556},"rotation":{"x":-0.4951958954334259,"y":-0.10529100149869919,"z":0.060568325221538547,"w":-0.860245943069458},"size":10.0,"orthographic":false}